SampleID,Gender,gender_label,Age,age_group,Histology,Grade,grade_label,TCGA subtype,OS,os_years,log_os,"Censor (1=dead,0=alive)",survival_status,Radio,treatment_radio,Chemo,treatment_chemo,IDH(DNA&RNA),idh_status,IDH1-DNA,idh1_mutation,IDH2-DNA,idh2_mutation,idh1_or_idh2_mutation,TP53,PTEN,EGFR,ATRX,EZH2,mutation_count,has_any_mutation,has_any_mutation_label,is_high_grade,is_high_grade_label
CGGA_1001,0,Male,12,<30,GBM,4.0,Grade 4,Mesenchymal,968.0,2.65,6.88,0.0,Alive,1,Yes,1,Yes,0,Wildtype,0.0,0,0.0,0,0,0.0,0.0,0,0,0,0.0,0,No mutations,1,High grade (4)
CGGA_1006,0,Male,44,40-50,GBM,4.0,Grade 4,Classical,254.0,0.7,5.54,1.0,Dead,1,Yes,1,Yes,0,Wildtype,0.0,0,0.0,0,0,0.0,0.0,1,0,0,1.0,1,Has mutation,1,High grade (4)
CGGA_1007,1,Female,59,50-60,GBM,4.0,Grade 4,Classical,345.0,0.94,5.85,1.0,Dead,1,Yes,1,Yes,0,Wildtype,0.0,0,0.0,0,0,0.0,0.0,0,1,0,1.0,1,Has mutation,1,High grade (4)
CGGA_1011,1,Female,48,40-50,GBM,4.0,Grade 4,Mesenchymal,109.0,0.3,4.7,1.0,Dead,1,Yes,0,No,0,Wildtype,0.0,0,0.0,0,0,0.0,0.0,0,0,1,1.0,1,Has mutation,1,High grade (4)
CGGA_1015,0,Male,64,60+,GBM,4.0,Grade 4,Mesenchymal,164.0,0.45,5.11,1.0,Dead,1,Yes,0,No,0,Wildtype,0.0,0,0.0,0,0,0.0,0.0,1,0,0,1.0,1,Has mutation,1,High grade (4)
CGGA_1019,0,Male,62,60+,GBM,4.0,Grade 4,Mesenchymal,212.0,0.58,5.36,1.0,Dead,1,Yes,1,Yes,0,Wildtype,0.0,0,0.0,0,0,0.0,0.0,0,0,1,1.0,1,Has mutation,1,High grade (4)
CGGA_1022,1,Female,64,60+,rAA,3.0,Grade 3,Mesenchymal,191.0,0.52,5.26,1.0,Dead,0,No,1,Yes,0,Wildtype,0.0,0,0.0,0,0,0.0,0.0,0,0,0,0.0,0,No mutations,0,Low grade (2-3)
CGGA_1023,1,Female,58,50-60,GBM,4.0,Grade 4,Classical,681.0,1.86,6.53,1.0,Dead,1,Yes,1,Yes,0,Wildtype,0.0,0,0.0,0,0,0.0,0.0,0,0,0,0.0,0,No mutations,1,High grade (4)
CGGA_1024,0,Male,66,60+,GBM,4.0,Grade 4,Classical,890.0,2.44,6.79,0.0,Alive,0,No,0,No,0,Wildtype,0.0,0,0.0,0,0,0.0,0.0,1,0,0,1.0,1,Has mutation,1,High grade (4)
CGGA_1026,0,Male,59,50-60,GBM,4.0,Grade 4,Classical,875.0,2.4,6.78,0.0,Alive,1,Yes,1,Yes,0,Wildtype,0.0,0,0.0,0,0,0.0,0.0,0,0,1,1.0,1,Has mutation,1,High grade (4)
CGGA_1034,0,Male,24,<30,AA,3.0,Grade 3,Classical,753.0,2.06,6.63,1.0,Dead,1,Yes,1,Yes,0,Wildtype,0.0,0,0.0,0,0,0.0,0.0,0,0,0,0.0,0,No mutations,0,Low grade (2-3)
CGGA_1035,1,Female,62,60+,GBM,4.0,Grade 4,Mesenchymal,567.0,1.55,6.34,1.0,Dead,1,Yes,1,Yes,0,Wildtype,0.0,0,0.0,0,0,0.0,0.0,0,1,0,1.0,1,Has mutation,1,High grade (4)
CGGA_1039,0,Male,42,40-50,GBM,4.0,Grade 4,Classical,681.0,1.86,6.53,0.0,Alive,1,Yes,1,Yes,0,Wildtype,0.0,0,0.0,0,0,0.0,0.0,1,0,0,1.0,1,Has mutation,1,High grade (4)
CGGA_1045,0,Male,81,60+,GBM,4.0,Grade 4,Mesenchymal,347.0,0.95,5.85,1.0,Dead,1,Yes,1,Yes,0,Wildtype,0.0,0,0.0,0,0,0.0,0.0,0,0,0,0.0,0,No mutations,1,High grade (4)
CGGA_1049,0,Male,60,50-60,GBM,4.0,Grade 4,Mesenchymal,595.0,1.63,6.39,0.0,Alive,1,Yes,1,Yes,0,Wildtype,0.0,0,0.0,0,0,0.0,0.0,1,0,0,1.0,1,Has mutation,1,High grade (4)
CGGA_1072,0,Male,26,<30,GBM,4.0,Grade 4,Classical,84.0,0.23,4.44,1.0,Dead,1,Yes,1,Yes,0,Wildtype,0.0,0,0.0,0,0,0.0,0.0,0,0,0,0.0,0,No mutations,1,High grade (4)
CGGA_1077,0,Male,47,40-50,GBM,4.0,Grade 4,Mesenchymal,157.0,0.43,5.06,1.0,Dead,1,Yes,0,No,0,Wildtype,0.0,0,0.0,0,0,0.0,0.0,0,0,0,0.0,0,No mutations,1,High grade (4)
CGGA_1078,1,Female,61,60+,rGBM,4.0,Grade 4,Classical,315.0,0.86,5.76,1.0,Dead,1,Yes,1,Yes,0,Wildtype,0.0,0,0.0,0,0,0.0,0.0,0,1,0,1.0,1,Has mutation,1,High grade (4)
CGGA_1081,1,Female,30,<30,rAA,3.0,Grade 3,Classical,216.0,0.59,5.38,1.0,Dead,1,Yes,1,Yes,0,Wildtype,0.0,0,0.0,0,0,0.0,0.0,0,0,0,0.0,0,No mutations,0,Low grade (2-3)
CGGA_1083,0,Male,60,50-60,GBM,4.0,Grade 4,Mesenchymal,143.0,0.39,4.97,0.0,Alive,1,Yes,1,Yes,0,Wildtype,0.0,0,0.0,0,0,0.0,0.0,1,0,0,1.0,1,Has mutation,1,High grade (4)
CGGA_1091,1,Female,51,50-60,GBM,4.0,Grade 4,Classical,864.0,2.37,6.76,0.0,Alive,1,Yes,1,Yes,0,Wildtype,0.0,0,0.0,0,0,0.0,1091.0,0,0,0,1091.0,1,Has mutation,1,High grade (4)
CGGA_1124,0,Male,49,40-50,rGBM,4.0,Grade 4,Mesenchymal,352.0,0.96,5.87,0.0,Alive,1,Yes,1,Yes,0,Wildtype,0.0,0,0.0,0,0,0.0,1124.0,0,0,0,1124.0,1,Has mutation,1,High grade (4)
CGGA_1139,1,Female,54,50-60,GBM,4.0,Grade 4,Neural,563.0,1.54,6.34,0.0,Alive,1,Yes,1,Yes,0,Wildtype,0.0,0,0.0,0,0,0.0,0.0,0,1,0,1.0,1,Has mutation,1,High grade (4)
CGGA_1140,1,Female,50,40-50,rAA,3.0,Grade 3,Neural,791.0,2.17,6.67,0.0,Alive,0,No,1,Yes,0,Wildtype,0.0,0,0.0,0,0,0.0,0.0,0,1,0,1.0,1,Has mutation,0,Low grade (2-3)
CGGA_1145,0,Male,42,40-50,rAA,3.0,Grade 3,Mesenchymal,239.0,0.65,5.48,1.0,Dead,1,Yes,1,Yes,0,Wildtype,0.0,0,0.0,0,0,0.0,0.0,1,0,0,1.0,1,Has mutation,0,Low grade (2-3)
CGGA_1171,0,Male,42,40-50,GBM,4.0,Grade 4,Mesenchymal,412.0,1.13,6.02,1.0,Dead,0,No,1,Yes,0,Wildtype,0.0,0,0.0,0,0,0.0,0.0,1,0,0,1.0,1,Has mutation,1,High grade (4)
CGGA_1177,0,Male,42,40-50,rGBM,4.0,Grade 4,Mesenchymal,449.0,1.23,6.11,1.0,Dead,1,Yes,1,Yes,0,Wildtype,0.0,0,0.0,0,0,0.0,0.0,0,0,0,0.0,0,No mutations,1,High grade (4)
CGGA_1180,1,Female,49,40-50,GBM,4.0,Grade 4,Mesenchymal,318.0,0.87,5.77,0.0,Alive,1,Yes,1,Yes,0,Wildtype,0.0,0,0.0,0,0,1180.0,0.0,0,0,0,0.0,0,No mutations,1,High grade (4)
CGGA_1188,1,Female,31,30-40,sGBM,4.0,Grade 4,Neural,256.0,0.7,5.55,1.0,Dead,0,No,0,No,0,Wildtype,0.0,0,0.0,0,0,0.0,0.0,0,0,0,0.0,0,No mutations,1,High grade (4)
CGGA_1214,1,Female,50,40-50,GBM,4.0,Grade 4,Classical,388.0,1.06,5.96,0.0,Alive,1,Yes,1,Yes,0,Wildtype,0.0,0,0.0,0,0,0.0,0.0,0,0,1,1.0,1,Has mutation,1,High grade (4)
CGGA_1216,0,Male,45,40-50,GBM,4.0,Grade 4,Classical,381.0,1.04,5.95,0.0,Alive,1,Yes,1,Yes,0,Wildtype,0.0,0,0.0,0,0,0.0,0.0,1,0,1,2.0,1,Has mutation,1,High grade (4)
CGGA_1218,0,Male,54,50-60,sGBM,4.0,Grade 4,Mesenchymal,240.0,0.66,5.48,0.0,Alive,1,Yes,1,Yes,0,Wildtype,0.0,0,0.0,0,0,0.0,0.0,1,0,0,1.0,1,Has mutation,1,High grade (4)
CGGA_1224,0,Male,58,50-60,GBM,4.0,Grade 4,Mesenchymal,271.0,0.74,5.61,1.0,Dead,1,Yes,1,Yes,0,Wildtype,0.0,0,0.0,0,0,0.0,0.0,0,0,1,1.0,1,Has mutation,1,High grade (4)
CGGA_1234,0,Male,33,30-40,GBM,4.0,Grade 4,Mesenchymal,423.0,1.16,6.05,0.0,Alive,1,Yes,1,Yes,0,Wildtype,0.0,0,0.0,0,0,0.0,0.0,0,0,0,0.0,0,No mutations,1,High grade (4)
CGGA_1237,0,Male,63,60+,GBM,4.0,Grade 4,Classical,249.0,0.68,5.52,1.0,Dead,1,Yes,1,Yes,0,Wildtype,0.0,0,0.0,0,0,0.0,0.0,0,0,0,0.0,0,No mutations,1,High grade (4)
CGGA_1240,0,Male,34,30-40,GBM,4.0,Grade 4,Mesenchymal,33.0,0.09,3.53,1.0,Dead,0,No,0,No,0,Wildtype,0.0,0,0.0,0,0,0.0,0.0,0,0,0,0.0,0,No mutations,1,High grade (4)
CGGA_1251,1,Female,42,40-50,GBM,4.0,Grade 4,Proneural,202.0,0.55,5.31,0.0,Alive,1,Yes,1,Yes,0,Wildtype,0.0,0,0.0,0,0,0.0,0.0,0,0,0,0.0,0,No mutations,1,High grade (4)
CGGA_1258,0,Male,43,40-50,GBM,4.0,Grade 4,Classical,128.0,0.35,4.86,1.0,Dead,0,No,0,No,0,Wildtype,0.0,0,0.0,0,0,0.0,0.0,0,0,0,0.0,0,No mutations,1,High grade (4)
CGGA_1263,0,Male,51,50-60,A,2.0,Grade 2,Neural,178.0,0.49,5.19,0.0,Alive,1,Yes,0,No,0,Wildtype,0.0,0,0.0,0,0,0.0,0.0,1,0,0,1.0,1,Has mutation,0,Low grade (2-3)
CGGA_1270,1,Female,61,60+,GBM,4.0,Grade 4,Neural,202.0,0.55,5.31,1.0,Dead,0,No,1,Yes,0,Wildtype,0.0,0,0.0,0,0,0.0,0.0,0,0,0,0.0,0,No mutations,1,High grade (4)
CGGA_1271,0,Male,18,<30,sGBM,4.0,Grade 4,Classical,175.0,0.48,5.17,0.0,Alive,0,No,1,Yes,0,Wildtype,0.0,0,0.0,0,0,0.0,0.0,1,0,0,1.0,1,Has mutation,1,High grade (4)
CGGA_1272,0,Male,33,30-40,sGBM,4.0,Grade 4,Proneural,169.0,0.46,5.14,1.0,Dead,0,No,1,Yes,0,Wildtype,0.0,0,0.0,0,0,0.0,0.0,1,0,0,1.0,1,Has mutation,1,High grade (4)
CGGA_1280,0,Male,75,60+,AA,3.0,Grade 3,Classical,329.0,0.9,5.8,0.0,Alive,1,Yes,1,Yes,0,Wildtype,0.0,0,0.0,0,0,0.0,0.0,1,0,0,1.0,1,Has mutation,0,Low grade (2-3)
CGGA_1283,0,Male,18,<30,sGBM,4.0,Grade 4,Classical,34.0,0.09,3.56,1.0,Dead,0,No,0,No,0,Wildtype,0.0,0,0.0,0,0,1283.0,0.0,0,0,1,1.0,1,Has mutation,1,High grade (4)
CGGA_1284,0,Male,74,60+,AA,3.0,Grade 3,Mesenchymal,97.0,0.27,4.58,1.0,Dead,0,No,1,Yes,0,Wildtype,0.0,0,0.0,0,0,0.0,0.0,0,0,0,0.0,0,No mutations,0,Low grade (2-3)
CGGA_1285,1,Female,59,50-60,sGBM,4.0,Grade 4,Mesenchymal,93.0,0.25,4.54,1.0,Dead,0,No,0,No,0,Wildtype,0.0,0,0.0,0,0,0.0,0.0,0,0,0,0.0,0,No mutations,1,High grade (4)
CGGA_1292,0,Male,18,<30,AO,3.0,Grade 3,Neural,161.0,0.44,5.09,0.0,Alive,1,Yes,0,No,0,Wildtype,0.0,0,0.0,0,0,0.0,0.0,0,0,1,1.0,1,Has mutation,0,Low grade (2-3)
CGGA_1299,0,Male,54,50-60,GBM,4.0,Grade 4,Classical,206.0,0.56,5.33,0.0,Alive,1,Yes,1,Yes,0,Wildtype,0.0,0,0.0,0,0,0.0,0.0,0,0,1,1.0,1,Has mutation,1,High grade (4)
CGGA_1320,0,Male,19,<30,GBM,4.0,Grade 4,Classical,59.0,0.16,4.09,1.0,Dead,0,No,1,Yes,0,Wildtype,0.0,0,0.0,0,0,0.0,0.0,0,0,0,0.0,0,No mutations,1,High grade (4)
CGGA_1332,1,Female,55,50-60,GBM,4.0,Grade 4,Classical,168.0,0.46,5.13,0.0,Alive,0,No,1,Yes,0,Wildtype,0.0,0,0.0,0,0,0.0,0.0,0,0,0,0.0,0,No mutations,1,High grade (4)
CGGA_1338,1,Female,62,60+,GBM,4.0,Grade 4,Mesenchymal,255.0,0.7,5.55,0.0,Alive,0,No,0,No,0,Wildtype,0.0,0,0.0,0,0,0.0,0.0,1,1,0,2.0,1,Has mutation,1,High grade (4)
CGGA_1340,0,Male,36,30-40,AOA,3.0,Grade 3,Proneural,254.0,0.7,5.54,0.0,Alive,0,No,0,No,0,Wildtype,0.0,0,0.0,0,0,0.0,0.0,1,0,0,1.0,1,Has mutation,0,Low grade (2-3)
CGGA_1342,0,Male,48,40-50,GBM,4.0,Grade 4,Mesenchymal,200.0,0.55,5.3,1.0,Dead,0,No,0,No,0,Wildtype,0.0,0,0.0,0,0,0.0,0.0,0,0,0,0.0,0,No mutations,1,High grade (4)
CGGA_1343,0,Male,34,30-40,rGBM,4.0,Grade 4,Classical,108.0,0.3,4.69,1.0,Dead,0,No,1,Yes,0,Wildtype,0.0,0,0.0,0,0,0.0,0.0,0,0,0,0.0,0,No mutations,1,High grade (4)
CGGA_1346,1,Female,58,50-60,sGBM,4.0,Grade 4,Classical,284.0,0.78,5.65,1.0,Dead,1,Yes,1,Yes,0,Wildtype,0.0,0,0.0,0,0,0.0,0.0,0,0,1,1.0,1,Has mutation,1,High grade (4)
CGGA_1370,0,Male,44,40-50,sGBM,4.0,Grade 4,Classical,325.0,0.89,5.79,0.0,Alive,0,No,1,Yes,0,Wildtype,0.0,0,0.0,0,0,0.0,0.0,0,0,0,0.0,0,No mutations,1,High grade (4)
CGGA_1393,0,Male,42,40-50,sGBM,4.0,Grade 4,Classical,233.0,0.64,5.46,0.0,Alive,1,Yes,0,No,0,Wildtype,0.0,0,0.0,0,0,0.0,0.0,0,0,0,0.0,0,No mutations,1,High grade (4)
CGGA_235,0,Male,25,<30,OA,2.0,Grade 2,Neural,2340.0,6.41,7.76,1.0,Dead,1,Yes,0,No,1,Mutant,0.0,0,1.0,1,1,0.0,0.0,0,0,0,1.0,1,Has mutation,0,Low grade (2-3)
CGGA_269,1,Female,45,40-50,A,2.0,Grade 2,Mesenchymal,132.0,0.36,4.89,0.0,Alive,1,Yes,0,No,0,Wildtype,0.0,0,0.0,0,0,0.0,0.0,0,0,0,0.0,0,No mutations,0,Low grade (2-3)
CGGA_272,0,Male,51,50-60,sGBM,4.0,Grade 4,Mesenchymal,235.0,0.64,5.46,1.0,Dead,1,Yes,0,No,0,Wildtype,0.0,0,0.0,0,0,0.0,0.0,0,0,1,1.0,1,Has mutation,1,High grade (4)
CGGA_274,1,Female,55,50-60,GBM,4.0,Grade 4,Classical,610.0,1.67,6.42,0.0,Alive,1,Yes,1,Yes,0,Wildtype,0.0,0,0.0,0,0,274.0,0.0,0,1,0,1.0,1,Has mutation,1,High grade (4)
CGGA_276,0,Male,44,40-50,O,2.0,Grade 2,Neural,529.0,1.45,6.27,0.0,Alive,0,No,0,No,0,Wildtype,0.0,0,0.0,0,0,0.0,0.0,0,0,0,0.0,0,No mutations,0,Low grade (2-3)
CGGA_309,0,Male,44,40-50,rGBM,4.0,Grade 4,Mesenchymal,153.0,0.42,5.04,1.0,Dead,1,Yes,1,Yes,0,Wildtype,0.0,0,0.0,0,0,309.0,0.0,0,0,0,0.0,0,No mutations,1,High grade (4)
CGGA_318,1,Female,42,40-50,rGBM,4.0,Grade 4,Mesenchymal,222.0,0.61,5.41,1.0,Dead,1,Yes,1,Yes,0,Wildtype,0.0,0,0.0,0,0,0.0,0.0,0,1,0,1.0,1,Has mutation,1,High grade (4)
CGGA_323,1,Female,49,40-50,O,2.0,Grade 2,Neural,2351.0,6.44,7.76,0.0,Alive,0,No,0,No,0,Wildtype,0.0,0,0.0,0,0,0.0,0.0,0,1,0,1.0,1,Has mutation,0,Low grade (2-3)
CGGA_330,0,Male,46,40-50,AOA,3.0,Grade 3,Mesenchymal,1121.0,3.07,7.02,1.0,Dead,1,Yes,1,Yes,0,Wildtype,0.0,0,0.0,0,0,0.0,0.0,0,0,0,0.0,0,No mutations,0,Low grade (2-3)
CGGA_413,0,Male,54,50-60,GBM,4.0,Grade 4,Classical,183.0,0.5,5.21,0.0,Alive,1,Yes,1,Yes,0,Wildtype,0.0,0,0.0,0,0,0.0,0.0,0,0,0,0.0,0,No mutations,1,High grade (4)
CGGA_426,0,Male,51,50-60,AA,3.0,Grade 3,Mesenchymal,1560.0,4.27,7.35,1.0,Dead,1,Yes,1,Yes,0,Wildtype,0.0,0,0.0,0,0,0.0,0.0,0,0,0,0.0,0,No mutations,0,Low grade (2-3)
CGGA_448,0,Male,65,60+,AOA,3.0,Grade 3,Mesenchymal,354.0,0.97,5.87,1.0,Dead,1,Yes,1,Yes,0,Wildtype,0.0,0,0.0,0,0,0.0,448.0,1,0,1,450.0,1,Has mutation,0,Low grade (2-3)
CGGA_483,1,Female,60,50-60,GBM,4.0,Grade 4,Mesenchymal,271.0,0.74,5.61,1.0,Dead,1,Yes,1,Yes,0,Wildtype,0.0,0,0.0,0,0,0.0,0.0,0,0,0,0.0,0,No mutations,1,High grade (4)
CGGA_488,0,Male,24,<30,AOA,3.0,Grade 3,Classical,435.0,1.19,6.08,1.0,Dead,1,Yes,1,Yes,0,Wildtype,0.0,0,0.0,0,0,0.0,488.0,0,0,0,488.0,1,Has mutation,0,Low grade (2-3)
CGGA_493,1,Female,33,30-40,A,2.0,Grade 2,Neural,2056.0,5.63,7.63,0.0,Alive,1,Yes,1,Yes,0,Wildtype,0.0,0,0.0,0,0,0.0,0.0,0,1,0,1.0,1,Has mutation,0,Low grade (2-3)
CGGA_494,1,Female,59,50-60,GBM,4.0,Grade 4,Neural,2072.0,5.67,7.64,0.0,Alive,1,Yes,1,Yes,0,Wildtype,0.0,0,0.0,0,0,0.0,0.0,0,0,0,0.0,0,No mutations,1,High grade (4)
CGGA_495,0,Male,54,50-60,GBM,4.0,Grade 4,Mesenchymal,295.0,0.81,5.69,1.0,Dead,0,No,0,No,0,Wildtype,0.0,0,0.0,0,0,0.0,0.0,0,0,0,0.0,0,No mutations,1,High grade (4)
CGGA_499,0,Male,52,50-60,GBM,4.0,Grade 4,Proneural,136.0,0.37,4.92,1.0,Dead,1,Yes,0,No,0,Wildtype,0.0,0,0.0,0,0,499.0,0.0,0,0,0,0.0,0,No mutations,1,High grade (4)
CGGA_525,0,Male,61,60+,GBM,4.0,Grade 4,Mesenchymal,138.0,0.38,4.93,1.0,Dead,1,Yes,0,No,0,Wildtype,0.0,0,0.0,0,0,0.0,0.0,0,0,1,1.0,1,Has mutation,1,High grade (4)
CGGA_541,1,Female,36,30-40,OA,2.0,Grade 2,Neural,2008.0,5.5,7.61,0.0,Alive,1,Yes,1,Yes,0,Wildtype,0.0,0,0.0,0,0,0.0,0.0,0,1,0,1.0,1,Has mutation,0,Low grade (2-3)
CGGA_564,0,Male,48,40-50,AA,3.0,Grade 3,Classical,679.0,1.86,6.52,1.0,Dead,1,Yes,1,Yes,0,Wildtype,0.0,0,0.0,0,0,0.0,564.0,0,0,0,564.0,1,Has mutation,0,Low grade (2-3)
CGGA_565,0,Male,51,50-60,AOA,3.0,Grade 3,Neural,336.0,0.92,5.82,0.0,Alive,1,Yes,1,Yes,0,Wildtype,0.0,0,0.0,0,0,565.0,0.0,0,0,0,0.0,0,No mutations,0,Low grade (2-3)
CGGA_578,1,Female,62,60+,AOA,3.0,Grade 3,Proneural,376.0,1.03,5.93,1.0,Dead,1,Yes,1,Yes,0,Wildtype,0.0,0,0.0,0,0,578.0,0.0,0,0,0,0.0,0,No mutations,0,Low grade (2-3)
CGGA_599,1,Female,67,60+,AOA,3.0,Grade 3,Neural,418.0,1.14,6.04,1.0,Dead,1,Yes,0,No,0,Wildtype,0.0,0,0.0,0,0,0.0,0.0,1,0,0,1.0,1,Has mutation,0,Low grade (2-3)
CGGA_604,0,Male,46,40-50,GBM,4.0,Grade 4,Mesenchymal,381.0,1.04,5.95,1.0,Dead,1,Yes,1,Yes,0,Wildtype,0.0,0,0.0,0,0,0.0,0.0,0,0,0,0.0,0,No mutations,1,High grade (4)
CGGA_616,0,Male,43,40-50,AA,3.0,Grade 3,Classical,952.0,2.61,6.86,1.0,Dead,1,Yes,1,Yes,0,Wildtype,0.0,0,0.0,0,0,0.0,616.0,0,0,0,616.0,1,Has mutation,0,Low grade (2-3)
CGGA_624,1,Female,49,40-50,rGBM,4.0,Grade 4,Mesenchymal,136.0,0.37,4.92,1.0,Dead,1,Yes,1,Yes,0,Wildtype,0.0,0,0.0,0,0,0.0,0.0,0,1,0,1.0,1,Has mutation,1,High grade (4)
CGGA_630,1,Female,30,<30,OA,2.0,Grade 2,Neural,1895.0,5.19,7.55,0.0,Alive,1,Yes,0,No,1,Mutant,0.0,0,1.0,1,1,0.0,0.0,0,0,0,1.0,1,Has mutation,0,Low grade (2-3)
CGGA_633,1,Female,57,50-60,O,2.0,Grade 2,Proneural,1890.0,5.17,7.54,0.0,Alive,1,Yes,1,Yes,0,Wildtype,0.0,0,0.0,0,0,0.0,633.0,1,0,0,634.0,1,Has mutation,0,Low grade (2-3)
CGGA_638,0,Male,42,40-50,O,2.0,Grade 2,Proneural,1881.0,5.15,7.54,0.0,Alive,1,Yes,0,No,0,Wildtype,0.0,0,0.0,0,0,0.0,0.0,0,0,0,0.0,0,No mutations,0,Low grade (2-3)
CGGA_643,0,Male,57,50-60,AOA,3.0,Grade 3,Proneural,331.0,0.91,5.81,1.0,Dead,1,Yes,1,Yes,0,Wildtype,0.0,0,0.0,0,0,0.0,0.0,0,0,0,0.0,0,No mutations,0,Low grade (2-3)
CGGA_658,0,Male,56,50-60,GBM,4.0,Grade 4,Proneural,372.0,1.02,5.92,1.0,Dead,1,Yes,1,Yes,0,Wildtype,0.0,0,0.0,0,0,0.0,0.0,0,0,0,0.0,0,No mutations,1,High grade (4)
CGGA_659,1,Female,51,50-60,O,2.0,Grade 2,Neural,730.0,2.0,6.59,0.0,Alive,1,Yes,1,Yes,0,Wildtype,0.0,0,0.0,0,0,0.0,0.0,0,1,0,1.0,1,Has mutation,0,Low grade (2-3)
CGGA_669,1,Female,56,50-60,rGBM,4.0,Grade 4,Neural,607.0,1.66,6.41,1.0,Dead,1,Yes,1,Yes,1,Mutant,0.0,0,1.0,1,1,0.0,0.0,0,0,0,1.0,1,Has mutation,1,High grade (4)
CGGA_676,0,Male,60,50-60,GBM,4.0,Grade 4,Classical,376.0,1.03,5.93,1.0,Dead,1,Yes,1,Yes,0,Wildtype,0.0,0,0.0,0,0,676.0,0.0,0,0,0,0.0,0,No mutations,1,High grade (4)
CGGA_678,0,Male,56,50-60,rAA,3.0,Grade 3,Classical,386.0,1.06,5.96,1.0,Dead,1,Yes,1,Yes,0,Wildtype,0.0,0,0.0,0,0,0.0,0.0,0,0,0,0.0,0,No mutations,0,Low grade (2-3)
CGGA_679,1,Female,63,60+,GBM,4.0,Grade 4,Mesenchymal,263.0,0.72,5.58,1.0,Dead,1,Yes,0,No,0,Wildtype,0.0,0,0.0,0,0,679.0,0.0,0,0,0,0.0,0,No mutations,1,High grade (4)
CGGA_680,0,Male,44,40-50,GBM,4.0,Grade 4,Neural,1832.0,5.02,7.51,0.0,Alive,1,Yes,1,Yes,0,Wildtype,0.0,0,0.0,0,0,0.0,0.0,0,0,0,0.0,0,No mutations,1,High grade (4)
CGGA_681,0,Male,43,40-50,rGBM,4.0,Grade 4,Proneural,110.0,0.3,4.71,1.0,Dead,0,No,0,No,0,Wildtype,0.0,0,0.0,0,0,681.0,0.0,1,0,0,1.0,1,Has mutation,1,High grade (4)
CGGA_700,1,Female,25,<30,GBM,4.0,Grade 4,Proneural,669.0,1.83,6.51,0.0,Alive,1,Yes,1,Yes,0,Wildtype,0.0,0,0.0,0,0,0.0,0.0,0,0,0,0.0,0,No mutations,1,High grade (4)
CGGA_727,0,Male,45,40-50,AA,3.0,Grade 3,Classical,1023.0,2.8,6.93,1.0,Dead,1,Yes,1,Yes,0,Wildtype,0.0,0,0.0,0,0,0.0,0.0,1,0,0,1.0,1,Has mutation,0,Low grade (2-3)
CGGA_731,0,Male,51,50-60,rGBM,4.0,Grade 4,Classical,447.0,1.22,6.1,1.0,Dead,1,Yes,0,No,0,Wildtype,0.0,0,0.0,0,0,0.0,731.0,0,0,0,731.0,1,Has mutation,1,High grade (4)
CGGA_732,1,Female,35,30-40,AA,3.0,Grade 3,Classical,1226.0,3.36,7.11,0.0,Alive,0,No,1,Yes,0,Wildtype,0.0,0,0.0,0,0,0.0,0.0,0,1,1,2.0,1,Has mutation,0,Low grade (2-3)
CGGA_766,0,Male,32,30-40,OA,2.0,Grade 2,Proneural,1735.0,4.75,7.46,0.0,Alive,1,Yes,0,No,1,Mutant,0.0,0,1.0,1,1,0.0,0.0,0,0,0,1.0,1,Has mutation,0,Low grade (2-3)
CGGA_773,1,Female,50,40-50,sGBM,4.0,Grade 4,Neural,443.0,1.21,6.1,1.0,Dead,0,No,1,Yes,0,Wildtype,0.0,0,0.0,0,0,0.0,0.0,0,0,0,0.0,0,No mutations,1,High grade (4)
CGGA_782,0,Male,61,60+,GBM,4.0,Grade 4,Mesenchymal,289.0,0.79,5.67,1.0,Dead,1,Yes,0,No,0,Wildtype,0.0,0,0.0,0,0,0.0,782.0,0,0,0,782.0,1,Has mutation,1,High grade (4)
CGGA_789,0,Male,51,50-60,GBM,4.0,Grade 4,Mesenchymal,345.0,0.94,5.85,1.0,Dead,1,Yes,0,No,0,Wildtype,0.0,0,0.0,0,0,0.0,789.0,0,0,0,789.0,1,Has mutation,1,High grade (4)
CGGA_791,0,Male,56,50-60,AA,3.0,Grade 3,Classical,252.0,0.69,5.53,1.0,Dead,1,Yes,0,No,0,Wildtype,0.0,0,0.0,0,0,0.0,0.0,1,0,0,1.0,1,Has mutation,0,Low grade (2-3)
CGGA_796,0,Male,61,60+,A,2.0,Grade 2,Classical,720.0,1.97,6.58,1.0,Dead,1,Yes,1,Yes,0,Wildtype,0.0,0,0.0,0,0,0.0,0.0,1,0,0,1.0,1,Has mutation,0,Low grade (2-3)
CGGA_802,0,Male,43,40-50,GBM,4.0,Grade 4,Mesenchymal,681.0,1.86,6.53,1.0,Dead,1,Yes,1,Yes,0,Wildtype,0.0,0,0.0,0,0,0.0,0.0,0,0,0,0.0,0,No mutations,1,High grade (4)
CGGA_804,1,Female,54,50-60,GBM,4.0,Grade 4,Neural,614.0,1.68,6.42,0.0,Alive,1,Yes,1,Yes,0,Wildtype,0.0,0,0.0,0,0,0.0,804.0,0,1,0,805.0,1,Has mutation,1,High grade (4)
CGGA_807,0,Male,43,40-50,A,2.0,Grade 2,Neural,1692.0,4.63,7.43,0.0,Alive,1,Yes,1,Yes,0,Wildtype,0.0,0,0.0,0,0,0.0,0.0,1,0,0,1.0,1,Has mutation,0,Low grade (2-3)
CGGA_808,0,Male,39,30-40,GBM,4.0,Grade 4,Neural,309.0,0.85,5.74,1.0,Dead,1,Yes,1,Yes,0,Wildtype,0.0,0,0.0,0,0,808.0,0.0,1,0,0,1.0,1,Has mutation,1,High grade (4)
CGGA_837,0,Male,57,50-60,GBM,4.0,Grade 4,Classical,432.0,1.18,6.07,1.0,Dead,1,Yes,1,Yes,0,Wildtype,0.0,0,0.0,0,0,0.0,0.0,1,0,0,1.0,1,Has mutation,1,High grade (4)
CGGA_842,1,Female,64,60+,GBM,4.0,Grade 4,Mesenchymal,234.0,0.64,5.46,1.0,Dead,1,Yes,1,Yes,0,Wildtype,0.0,0,0.0,0,0,0.0,0.0,0,0,0,0.0,0,No mutations,1,High grade (4)
CGGA_848,1,Female,55,50-60,GBM,4.0,Grade 4,Classical,204.0,0.56,5.32,0.0,Alive,1,Yes,1,Yes,0,Wildtype,0.0,0,0.0,0,0,0.0,848.0,0,0,1,849.0,1,Has mutation,1,High grade (4)
CGGA_850,1,Female,52,50-60,GBM,4.0,Grade 4,Classical,564.0,1.54,6.34,0.0,Alive,0,No,0,No,0,Wildtype,0.0,0,0.0,0,0,0.0,0.0,0,0,0,0.0,0,No mutations,1,High grade (4)
CGGA_859,0,Male,57,50-60,GBM,4.0,Grade 4,Mesenchymal,387.0,1.06,5.96,1.0,Dead,1,Yes,0,No,0,Wildtype,0.0,0,0.0,0,0,859.0,0.0,1,0,0,1.0,1,Has mutation,1,High grade (4)
CGGA_871,0,Male,37,30-40,O,2.0,Grade 2,Proneural,1107.0,3.03,7.01,0.0,Alive,1,Yes,0,No,1,Mutant,0.0,0,1.0,1,1,0.0,0.0,1,0,0,2.0,1,Has mutation,0,Low grade (2-3)
CGGA_876,1,Female,60,50-60,GBM,4.0,Grade 4,Mesenchymal,159.0,0.44,5.08,1.0,Dead,1,Yes,1,Yes,0,Wildtype,0.0,0,0.0,0,0,0.0,0.0,1,0,0,1.0,1,Has mutation,1,High grade (4)
CGGA_878,0,Male,42,40-50,GBM,4.0,Grade 4,Classical,863.0,2.36,6.76,1.0,Dead,0,No,1,Yes,0,Wildtype,0.0,0,0.0,0,0,0.0,0.0,0,0,0,0.0,0,No mutations,1,High grade (4)
CGGA_902,0,Male,55,50-60,GBM,4.0,Grade 4,Mesenchymal,193.0,0.53,5.27,1.0,Dead,1,Yes,1,Yes,0,Wildtype,0.0,0,0.0,0,0,0.0,902.0,0,0,0,902.0,1,Has mutation,1,High grade (4)
CGGA_D02,0,Male,44,40-50,rGBM,4.0,Grade 4,Mesenchymal,484.0,1.33,6.18,1.0,Dead,1,Yes,1,Yes,0,Wildtype,0.0,0,0.0,0,0,0.0,0.0,0,0,0,0.0,0,No mutations,1,High grade (4)
CGGA_D03,0,Male,44,40-50,GBM,4.0,Grade 4,Classical,423.0,1.16,6.05,1.0,Dead,1,Yes,1,Yes,0,Wildtype,0.0,0,0.0,0,0,0.0,0.0,1,0,0,1.0,1,Has mutation,1,High grade (4)
CGGA_D06,1,Female,46,40-50,rAOA,3.0,Grade 3,Neural,1016.0,2.78,6.92,0.0,Alive,1,Yes,1,Yes,0,Wildtype,0.0,0,0.0,0,0,0.0,0.0,0,0,0,0.0,0,No mutations,0,Low grade (2-3)
CGGA_D09,0,Male,57,50-60,GBM,4.0,Grade 4,Classical,233.0,0.64,5.46,1.0,Dead,1,Yes,0,No,0,Wildtype,0.0,0,0.0,0,0,0.0,0.0,0,0,0,0.0,0,No mutations,1,High grade (4)
CGGA_D11,1,Female,53,50-60,AOA,3.0,Grade 3,Classical,827.0,2.26,6.72,1.0,Dead,1,Yes,1,Yes,0,Wildtype,0.0,0,0.0,0,0,0.0,0.0,0,0,1,1.0,1,Has mutation,0,Low grade (2-3)
CGGA_D16,1,Female,59,50-60,AOA,3.0,Grade 3,Mesenchymal,261.0,0.71,5.57,1.0,Dead,1,Yes,0,No,0,Wildtype,0.0,0,0.0,0,0,0.0,0.0,0,0,0,0.0,0,No mutations,0,Low grade (2-3)
CGGA_D18,0,Male,20,<30,AOA,3.0,Grade 3,Neural,452.0,1.24,6.12,0.0,Alive,1,Yes,1,Yes,0,Wildtype,0.0,0,0.0,0,0,0.0,0.0,0,0,1,1.0,1,Has mutation,0,Low grade (2-3)
CGGA_D26,0,Male,55,50-60,rGBM,4.0,Grade 4,Mesenchymal,263.0,0.72,5.58,1.0,Dead,1,Yes,0,No,0,Wildtype,0.0,0,0.0,0,0,0.0,0.0,0,0,0,0.0,0,No mutations,1,High grade (4)
CGGA_D32,0,Male,61,60+,rGBM,4.0,Grade 4,Classical,358.0,0.98,5.88,1.0,Dead,0,No,1,Yes,0,Wildtype,0.0,0,0.0,0,0,0.0,0.0,0,0,0,0.0,0,No mutations,1,High grade (4)
CGGA_D35,1,Female,68,60+,GBM,4.0,Grade 4,Mesenchymal,661.0,1.81,6.5,1.0,Dead,1,Yes,0,No,0,Wildtype,0.0,0,0.0,0,0,0.0,0.0,0,1,0,1.0,1,Has mutation,1,High grade (4)
CGGA_D36,0,Male,58,50-60,rGBM,4.0,Grade 4,Mesenchymal,34.0,0.09,3.56,1.0,Dead,0,No,0,No,0,Wildtype,0.0,0,0.0,0,0,0.0,0.0,0,0,1,1.0,1,Has mutation,1,High grade (4)
CGGA_D37,0,Male,55,50-60,GBM,4.0,Grade 4,Mesenchymal,965.0,2.64,6.87,1.0,Dead,1,Yes,1,Yes,0,Wildtype,0.0,0,0.0,0,0,0.0,0.0,0,0,0,0.0,0,No mutations,1,High grade (4)
CGGA_D44,1,Female,18,<30,AOA,3.0,Grade 3,Classical,313.0,0.86,5.75,1.0,Dead,1,Yes,0,No,0,Wildtype,0.0,0,0.0,0,0,0.0,0.0,1,0,0,1.0,1,Has mutation,0,Low grade (2-3)
CGGA_D51,1,Female,60,50-60,rGBM,4.0,Grade 4,Mesenchymal,135.0,0.37,4.91,1.0,Dead,1,Yes,0,No,0,Wildtype,0.0,0,0.0,0,0,0.0,0.0,0,1,0,1.0,1,Has mutation,1,High grade (4)
CGGA_D57,0,Male,40,30-40,GBM,4.0,Grade 4,Classical,766.0,2.1,6.64,1.0,Dead,1,Yes,1,Yes,0,Wildtype,0.0,0,0.0,0,0,0.0,0.0,0,0,0,0.0,0,No mutations,1,High grade (4)
CGGA_D58,0,Male,24,<30,rAA,3.0,Grade 3,Neural,181.0,0.5,5.2,1.0,Dead,0,No,0,No,0,Wildtype,0.0,0,0.0,0,0,0.0,0.0,1,0,0,1.0,1,Has mutation,0,Low grade (2-3)
CGGA_D62,1,Female,49,40-50,GBM,4.0,Grade 4,Classical,514.0,1.41,6.24,1.0,Dead,1,Yes,1,Yes,0,Wildtype,0.0,0,0.0,0,0,0.0,0.0,0,0,0,0.0,0,No mutations,1,High grade (4)
CGGA_D64,0,Male,51,50-60,sGBM,4.0,Grade 4,Proneural,101.0,0.28,4.62,1.0,Dead,0,No,0,No,0,Wildtype,0.0,0,0.0,0,0,0.0,719.0,0,0,0,719.0,1,Has mutation,1,High grade (4)
CGGA_J030,0,Male,38,30-40,rOA,2.0,Grade 2,Neural,1065.0,2.92,6.97,0.0,Alive,1,Yes,0,No,0,Wildtype,0.0,0,0.0,0,0,0.0,0.0,1,0,0,1.0,1,Has mutation,0,Low grade (2-3)
CGGA_J130,0,Male,40,30-40,rA,2.0,Grade 2,Neural,792.0,2.17,6.68,0.0,Alive,0,No,0,No,0,Wildtype,0.0,0,0.0,0,0,0.0,0.0,0,0,0,0.0,0,No mutations,0,Low grade (2-3)
CGGA_1005,1,Female,42,40-50,A,2.0,Grade 2,Proneural,776.0,2.12,6.66,0.0,Alive,1,Yes,0,No,1,Mutant,1.0,1,0.0,0,1,1005.0,0.0,1,0,0,2.0,1,Has mutation,0,Low grade (2-3)
CGGA_1013,1,Female,40,30-40,A,2.0,Grade 2,Proneural,560.0,1.53,6.33,0.0,Alive,1,Yes,0,No,1,Mutant,1.0,1,0.0,0,1,1013.0,0.0,0,0,0,1.0,1,Has mutation,0,Low grade (2-3)
CGGA_1020,1,Female,39,30-40,A,2.0,Grade 2,Proneural,532.0,1.46,6.28,0.0,Alive,1,Yes,0,No,1,Mutant,1.0,1,0.0,0,1,1020.0,0.0,0,0,0,1.0,1,Has mutation,0,Low grade (2-3)
CGGA_1027,0,Male,38,30-40,AOA,3.0,Grade 3,Proneural,1233.0,3.38,7.12,0.0,Alive,1,Yes,1,Yes,1,Mutant,1.0,1,0.0,0,1,0.0,0.0,0,0,0,1.0,1,Has mutation,0,Low grade (2-3)
CGGA_1031,1,Female,33,30-40,A,2.0,Grade 2,Proneural,415.0,1.14,6.03,0.0,Alive,0,No,0,No,1,Mutant,1.0,1,0.0,0,1,1031.0,0.0,1,0,0,2.0,1,Has mutation,0,Low grade (2-3)
CGGA_1046,0,Male,23,<30,A,2.0,Grade 2,Classical,520.0,1.42,6.26,0.0,Alive,0,No,1,Yes,1,Mutant,1.0,1,0.0,0,1,0.0,0.0,0,0,0,1.0,1,Has mutation,0,Low grade (2-3)
CGGA_1050,0,Male,41,40-50,OA,2.0,Grade 2,Proneural,295.0,0.81,5.69,0.0,Alive,1,Yes,1,Yes,1,Mutant,1.0,1,0.0,0,1,0.0,0.0,1,0,0,2.0,1,Has mutation,0,Low grade (2-3)
CGGA_1060,0,Male,42,40-50,rGBM,4.0,Grade 4,Proneural,227.0,0.62,5.43,1.0,Dead,0,No,1,Yes,1,Mutant,1.0,1,0.0,0,1,0.0,0.0,0,0,0,1.0,1,Has mutation,1,High grade (4)
CGGA_1061,1,Female,43,40-50,rAOA,3.0,Grade 3,Proneural,472.0,1.29,6.16,0.0,Alive,1,Yes,1,Yes,1,Mutant,1.0,1,0.0,0,1,0.0,0.0,1,0,1,3.0,1,Has mutation,0,Low grade (2-3)
CGGA_1068,0,Male,29,<30,sGBM,4.0,Grade 4,Classical,95.0,0.26,4.56,1.0,Dead,0,No,0,No,1,Mutant,1.0,1,0.0,0,1,0.0,0.0,0,0,0,1.0,1,Has mutation,1,High grade (4)
CGGA_1094,1,Female,40,30-40,rAOA,3.0,Grade 3,Classical,94.0,0.26,4.55,0.0,Alive,0,No,1,Yes,1,Mutant,1.0,1,0.0,0,1,0.0,0.0,0,1,0,2.0,1,Has mutation,0,Low grade (2-3)
CGGA_1105,0,Male,29,<30,sGBM,4.0,Grade 4,Mesenchymal,330.0,0.9,5.8,0.0,Alive,0,No,1,Yes,1,Mutant,1.0,1,0.0,0,1,0.0,0.0,1,0,0,2.0,1,Has mutation,1,High grade (4)
CGGA_1113,0,Male,34,30-40,AO,3.0,Grade 3,Proneural,862.0,2.36,6.76,0.0,Alive,0,No,1,Yes,1,Mutant,1.0,1,0.0,0,1,0.0,0.0,0,0,0,1.0,1,Has mutation,0,Low grade (2-3)
CGGA_1129,0,Male,36,30-40,sGBM,4.0,Grade 4,Proneural,168.0,0.46,5.13,1.0,Dead,1,Yes,0,No,1,Mutant,1.0,1,0.0,0,1,1129.0,0.0,0,0,0,1.0,1,Has mutation,1,High grade (4)
CGGA_1136,1,Female,40,30-40,sGBM,4.0,Grade 4,Mesenchymal,236.0,0.65,5.47,1.0,Dead,0,No,0,No,1,Mutant,1.0,1,0.0,0,1,0.0,0.0,0,0,0,1.0,1,Has mutation,1,High grade (4)
CGGA_1146,0,Male,36,30-40,AA,3.0,Grade 3,Proneural,779.0,2.13,6.66,0.0,Alive,1,Yes,1,Yes,1,Mutant,1.0,1,0.0,0,1,0.0,0.0,0,0,0,1.0,1,Has mutation,0,Low grade (2-3)
CGGA_1170,0,Male,27,<30,sGBM,4.0,Grade 4,Proneural,346.0,0.95,5.85,1.0,Dead,0,No,1,Yes,1,Mutant,1.0,1,0.0,0,1,0.0,0.0,0,0,0,1.0,1,Has mutation,1,High grade (4)
CGGA_1175,1,Female,37,30-40,sGBM,4.0,Grade 4,Classical,441.0,1.21,6.09,1.0,Dead,0,No,1,Yes,1,Mutant,1.0,1,0.0,0,1,0.0,0.0,0,0,0,1.0,1,Has mutation,1,High grade (4)
CGGA_1189,1,Female,35,30-40,AOA,3.0,Grade 3,Proneural,645.0,1.77,6.47,0.0,Alive,1,Yes,1,Yes,1,Mutant,1.0,1,0.0,0,1,0.0,0.0,1,0,0,2.0,1,Has mutation,0,Low grade (2-3)
CGGA_1190,1,Female,46,40-50,AOA,3.0,Grade 3,Proneural,645.0,1.77,6.47,0.0,Alive,0,No,1,Yes,1,Mutant,1.0,1,0.0,0,1,0.0,0.0,1,0,0,2.0,1,Has mutation,0,Low grade (2-3)
CGGA_1215,0,Male,38,30-40,rAOA,3.0,Grade 3,Mesenchymal,29.0,0.08,3.4,1.0,Dead,1,Yes,1,Yes,1,Mutant,1.0,1,0.0,0,1,0.0,0.0,1,0,0,2.0,1,Has mutation,0,Low grade (2-3)
CGGA_1219,1,Female,58,50-60,GBM,4.0,Grade 4,Proneural,374.0,1.02,5.93,0.0,Alive,1,Yes,1,Yes,1,Mutant,1.0,1,0.0,0,1,0.0,0.0,0,0,0,1.0,1,Has mutation,1,High grade (4)
CGGA_1227,1,Female,47,40-50,sGBM,4.0,Grade 4,Classical,370.0,1.01,5.92,0.0,Alive,1,Yes,1,Yes,1,Mutant,1.0,1,0.0,0,1,0.0,0.0,0,0,0,1.0,1,Has mutation,1,High grade (4)
CGGA_1231,1,Female,32,30-40,rA,2.0,Grade 2,Mesenchymal,362.0,0.99,5.89,0.0,Alive,1,Yes,1,Yes,1,Mutant,1.0,1,0.0,0,1,0.0,0.0,0,0,0,1.0,1,Has mutation,0,Low grade (2-3)
CGGA_1287,0,Male,30,<30,GBM,4.0,Grade 4,Proneural,190.0,0.52,5.25,0.0,Alive,1,Yes,1,Yes,1,Mutant,1.0,1,0.0,0,1,0.0,0.0,1,0,0,2.0,1,Has mutation,1,High grade (4)
CGGA_1307,1,Female,26,<30,AOA,3.0,Grade 3,Classical,371.0,1.02,5.92,0.0,Alive,1,Yes,1,Yes,1,Mutant,1.0,1,0.0,0,1,0.0,0.0,0,0,0,1.0,1,Has mutation,0,Low grade (2-3)
CGGA_1314,1,Female,28,<30,GBM,4.0,Grade 4,Classical,172.0,0.47,5.15,1.0,Dead,0,No,0,No,1,Mutant,1.0,1,0.0,0,1,0.0,0.0,0,0,1,2.0,1,Has mutation,1,High grade (4)
CGGA_1322,0,Male,10,<30,OA,2.0,Grade 2,Proneural,178.0,0.49,5.19,0.0,Alive,1,Yes,1,Yes,1,Mutant,1.0,1,0.0,0,1,0.0,0.0,0,0,0,1.0,1,Has mutation,0,Low grade (2-3)
CGGA_1324,0,Male,42,40-50,sGBM,4.0,Grade 4,Neural,174.0,0.48,5.16,0.0,Alive,0,No,1,Yes,1,Mutant,1.0,1,0.0,0,1,0.0,0.0,1,0,0,2.0,1,Has mutation,1,High grade (4)
CGGA_1329,1,Female,44,40-50,rAOA,3.0,Grade 3,Proneural,167.0,0.46,5.12,0.0,Alive,0,No,1,Yes,1,Mutant,1.0,1,0.0,0,1,0.0,0.0,0,0,0,1.0,1,Has mutation,0,Low grade (2-3)
CGGA_1330,0,Male,48,40-50,A,2.0,Grade 2,Neural,167.0,0.46,5.12,0.0,Alive,1,Yes,1,Yes,1,Mutant,1.0,1,0.0,0,1,0.0,0.0,0,0,0,1.0,1,Has mutation,0,Low grade (2-3)
CGGA_1381,1,Female,37,30-40,rGBM,4.0,Grade 4,Proneural,46.0,0.13,3.85,1.0,Dead,0,No,0,No,1,Mutant,1.0,1,0.0,0,1,0.0,0.0,1,0,1,3.0,1,Has mutation,1,High grade (4)
CGGA_1388,0,Male,38,30-40,rA,2.0,Grade 2,Mesenchymal,188.0,0.51,5.24,0.0,Alive,0,No,1,Yes,1,Mutant,1.0,1,0.0,0,1,0.0,0.0,0,0,0,1.0,1,Has mutation,0,Low grade (2-3)
CGGA_1394,0,Male,38,30-40,rGBM,4.0,Grade 4,Proneural,89.0,0.24,4.5,0.0,Alive,1,Yes,0,No,1,Mutant,1.0,1,0.0,0,1,0.0,0.0,0,0,0,1.0,1,Has mutation,1,High grade (4)
CGGA_1406,0,Male,34,30-40,A,2.0,Grade 2,Mesenchymal,281.0,0.77,5.64,0.0,Alive,0,No,0,No,1,Mutant,1.0,1,0.0,0,1,0.0,0.0,1,0,0,2.0,1,Has mutation,0,Low grade (2-3)
CGGA_1412,1,Female,49,40-50,sGBM,4.0,Grade 4,Classical,280.0,0.77,5.64,0.0,Alive,0,No,1,Yes,1,Mutant,1.0,1,0.0,0,1,0.0,0.0,0,0,0,1.0,1,Has mutation,1,High grade (4)
CGGA_236,0,Male,47,40-50,O,2.0,Grade 2,Proneural,706.0,1.93,6.56,0.0,Alive,1,Yes,1,Yes,1,Mutant,1.0,1,0.0,0,1,0.0,0.0,1,0,0,2.0,1,Has mutation,0,Low grade (2-3)
CGGA_241,0,Male,34,30-40,OA,2.0,Grade 2,Neural,2491.0,6.82,7.82,0.0,Alive,1,Yes,0,No,1,Mutant,1.0,1,0.0,0,1,0.0,0.0,0,0,0,1.0,1,Has mutation,0,Low grade (2-3)
CGGA_245,1,Female,39,30-40,rA,2.0,Grade 2,Mesenchymal,332.0,0.91,5.81,1.0,Dead,0,No,1,Yes,1,Mutant,1.0,1,0.0,0,1,0.0,0.0,1,0,0,2.0,1,Has mutation,0,Low grade (2-3)
CGGA_251,0,Male,46,40-50,OA,2.0,Grade 2,Neural,1299.0,3.56,7.17,0.0,Alive,1,Yes,0,No,1,Mutant,1.0,1,0.0,0,1,0.0,0.0,1,0,0,2.0,1,Has mutation,0,Low grade (2-3)
CGGA_252,1,Female,25,<30,A,2.0,Grade 2,Proneural,165.0,0.45,5.11,0.0,Alive,1,Yes,0,No,1,Mutant,1.0,1,0.0,0,1,0.0,0.0,1,0,0,2.0,1,Has mutation,0,Low grade (2-3)
CGGA_254,0,Male,38,30-40,OA,2.0,Grade 2,Neural,2490.0,6.82,7.82,0.0,Alive,1,Yes,1,Yes,1,Mutant,1.0,1,0.0,0,1,0.0,0.0,1,0,0,2.0,1,Has mutation,0,Low grade (2-3)
CGGA_256,0,Male,39,30-40,A,2.0,Grade 2,Classical,158.0,0.43,5.07,0.0,Alive,1,Yes,1,Yes,1,Mutant,1.0,1,0.0,0,1,0.0,0.0,1,0,0,2.0,1,Has mutation,0,Low grade (2-3)
CGGA_261,0,Male,28,<30,A,2.0,Grade 2,Neural,2458.0,6.73,7.81,0.0,Alive,1,Yes,0,No,1,Mutant,1.0,1,0.0,0,1,0.0,0.0,1,0,0,2.0,1,Has mutation,0,Low grade (2-3)
CGGA_267,0,Male,37,30-40,A,2.0,Grade 2,Classical,1374.0,3.76,7.23,1.0,Dead,0,No,0,No,1,Mutant,1.0,1,0.0,0,1,0.0,0.0,0,0,0,1.0,1,Has mutation,0,Low grade (2-3)
CGGA_273,1,Female,35,30-40,OA,2.0,Grade 2,Proneural,2431.0,6.66,7.8,0.0,Alive,1,Yes,0,No,1,Mutant,1.0,1,0.0,0,1,0.0,0.0,0,1,0,2.0,1,Has mutation,0,Low grade (2-3)
CGGA_283,1,Female,48,40-50,O,2.0,Grade 2,Neural,2410.0,6.6,7.79,0.0,Alive,1,Yes,1,Yes,1,Mutant,1.0,1,0.0,0,1,0.0,0.0,0,0,0,1.0,1,Has mutation,0,Low grade (2-3)
CGGA_300,1,Female,36,30-40,A,2.0,Grade 2,Neural,2199.0,6.02,7.7,1.0,Dead,1,Yes,1,Yes,1,Mutant,1.0,1,0.0,0,1,0.0,0.0,0,1,0,2.0,1,Has mutation,0,Low grade (2-3)
CGGA_314,0,Male,39,30-40,rAO,3.0,Grade 3,Neural,2257.0,6.18,7.72,0.0,Alive,1,Yes,1,Yes,1,Mutant,1.0,1,0.0,0,1,0.0,0.0,1,0,0,2.0,1,Has mutation,0,Low grade (2-3)
CGGA_333,0,Male,41,40-50,OA,2.0,Grade 2,Neural,1783.0,4.88,7.49,0.0,Alive,1,Yes,0,No,1,Mutant,1.0,1,0.0,0,1,0.0,0.0,1,0,0,2.0,1,Has mutation,0,Low grade (2-3)
CGGA_337,1,Female,50,40-50,AOA,3.0,Grade 3,Neural,1008.0,2.76,6.92,1.0,Dead,1,Yes,1,Yes,1,Mutant,1.0,1,0.0,0,1,0.0,0.0,0,0,0,1.0,1,Has mutation,0,Low grade (2-3)
CGGA_374,0,Male,38,30-40,sGBM,4.0,Grade 4,Proneural,493.0,1.35,6.2,1.0,Dead,0,No,1,Yes,1,Mutant,1.0,1,0.0,0,1,0.0,0.0,0,0,0,1.0,1,Has mutation,1,High grade (4)
CGGA_400,1,Female,39,30-40,rAA,3.0,Grade 3,Neural,1321.0,3.62,7.19,1.0,Dead,0,No,0,No,1,Mutant,1.0,1,0.0,0,1,400.0,0.0,0,1,0,2.0,1,Has mutation,0,Low grade (2-3)
CGGA_431,0,Male,42,40-50,rAOA,3.0,Grade 3,Proneural,2227.0,6.1,7.71,0.0,Alive,0,No,1,Yes,1,Mutant,1.0,1,0.0,0,1,0.0,0.0,1,0,0,2.0,1,Has mutation,0,Low grade (2-3)
CGGA_446,1,Female,35,30-40,O,2.0,Grade 2,Proneural,1410.0,3.86,7.25,0.0,Alive,1,Yes,0,No,1,Mutant,1.0,1,0.0,0,1,0.0,0.0,0,0,0,1.0,1,Has mutation,0,Low grade (2-3)
CGGA_458,0,Male,51,50-60,rOA,2.0,Grade 2,Neural,419.0,1.15,6.04,1.0,Dead,0,No,1,Yes,1,Mutant,1.0,1,0.0,0,1,458.0,0.0,0,0,0,1.0,1,Has mutation,0,Low grade (2-3)
CGGA_479,1,Female,37,30-40,OA,2.0,Grade 2,Neural,2072.0,5.67,7.64,0.0,Alive,1,Yes,0,No,1,Mutant,1.0,1,0.0,0,1,0.0,0.0,1,1,0,3.0,1,Has mutation,0,Low grade (2-3)
CGGA_485,0,Male,32,30-40,O,2.0,Grade 2,Neural,2058.0,5.63,7.63,0.0,Alive,1,Yes,1,Yes,1,Mutant,1.0,1,0.0,0,1,0.0,0.0,1,0,0,2.0,1,Has mutation,0,Low grade (2-3)
CGGA_490,1,Female,38,30-40,AO,3.0,Grade 3,Neural,2014.0,5.51,7.61,0.0,Alive,1,Yes,1,Yes,1,Mutant,1.0,1,0.0,0,1,0.0,0.0,0,0,0,1.0,1,Has mutation,0,Low grade (2-3)
CGGA_491,1,Female,37,30-40,GBM,4.0,Grade 4,Proneural,1074.0,2.94,6.98,1.0,Dead,1,Yes,1,Yes,1,Mutant,1.0,1,0.0,0,1,0.0,0.0,1,1,1,4.0,1,Has mutation,1,High grade (4)
CGGA_501,0,Male,40,30-40,O,2.0,Grade 2,Neural,2124.0,5.82,7.66,0.0,Alive,1,Yes,0,No,1,Mutant,1.0,1,0.0,0,1,0.0,0.0,0,0,0,1.0,1,Has mutation,0,Low grade (2-3)
CGGA_502,0,Male,40,30-40,A,2.0,Grade 2,Proneural,1489.0,4.08,7.31,0.0,Alive,1,Yes,0,No,1,Mutant,1.0,1,0.0,0,1,0.0,0.0,1,0,0,2.0,1,Has mutation,0,Low grade (2-3)
CGGA_510,0,Male,42,40-50,AO,3.0,Grade 3,Proneural,1980.0,5.42,7.59,0.0,Alive,1,Yes,1,Yes,1,Mutant,1.0,1,0.0,0,1,0.0,0.0,0,0,0,1.0,1,Has mutation,0,Low grade (2-3)
CGGA_538,1,Female,43,40-50,O,2.0,Grade 2,Proneural,1451.0,3.97,7.28,0.0,Alive,0,No,1,Yes,1,Mutant,1.0,1,0.0,0,1,0.0,0.0,1,0,0,2.0,1,Has mutation,0,Low grade (2-3)
CGGA_543,0,Male,43,40-50,O,2.0,Grade 2,Neural,1995.0,5.46,7.6,0.0,Alive,1,Yes,0,No,1,Mutant,1.0,1,0.0,0,1,0.0,0.0,0,0,0,1.0,1,Has mutation,0,Low grade (2-3)
CGGA_545,1,Female,39,30-40,rGBM,4.0,Grade 4,Mesenchymal,555.0,1.52,6.32,1.0,Dead,1,Yes,1,Yes,1,Mutant,1.0,1,0.0,0,1,0.0,0.0,1,0,0,2.0,1,Has mutation,1,High grade (4)
CGGA_551,0,Male,45,40-50,O,2.0,Grade 2,Neural,1987.0,5.44,7.59,0.0,Alive,1,Yes,0,No,1,Mutant,1.0,1,0.0,0,1,0.0,0.0,0,0,0,1.0,1,Has mutation,0,Low grade (2-3)
CGGA_560,0,Male,44,40-50,AOA,3.0,Grade 3,Proneural,1928.0,5.28,7.56,0.0,Alive,1,Yes,0,No,1,Mutant,1.0,1,0.0,0,1,0.0,0.0,0,0,0,1.0,1,Has mutation,0,Low grade (2-3)
CGGA_580,0,Male,43,40-50,OA,2.0,Grade 2,Proneural,1394.0,3.82,7.24,1.0,Dead,1,Yes,0,No,1,Mutant,1.0,1,0.0,0,1,0.0,0.0,0,0,0,1.0,1,Has mutation,0,Low grade (2-3)
CGGA_591,1,Female,34,30-40,AOA,3.0,Grade 3,Classical,1654.0,4.53,7.41,1.0,Dead,1,Yes,1,Yes,1,Mutant,1.0,1,0.0,0,1,0.0,0.0,1,0,0,2.0,1,Has mutation,0,Low grade (2-3)
CGGA_598,1,Female,62,60+,AO,3.0,Grade 3,Proneural,1884.0,5.16,7.54,0.0,Alive,1,Yes,1,Yes,1,Mutant,1.0,1,0.0,0,1,0.0,0.0,0,1,0,2.0,1,Has mutation,0,Low grade (2-3)
CGGA_601,0,Male,36,30-40,A,2.0,Grade 2,Neural,1133.0,3.1,7.03,1.0,Dead,1,Yes,0,No,1,Mutant,1.0,1,0.0,0,1,0.0,0.0,1,0,0,2.0,1,Has mutation,0,Low grade (2-3)
CGGA_603,0,Male,32,30-40,rAA,3.0,Grade 3,Proneural,168.0,0.46,5.13,0.0,Alive,1,Yes,0,No,1,Mutant,1.0,1,0.0,0,1,0.0,0.0,0,0,1,2.0,1,Has mutation,0,Low grade (2-3)
CGGA_605,0,Male,41,40-50,rAO,3.0,Grade 3,Mesenchymal,1872.0,5.13,7.54,0.0,Alive,1,Yes,1,Yes,1,Mutant,1.0,1,0.0,0,1,0.0,0.0,0,0,0,1.0,1,Has mutation,0,Low grade (2-3)
CGGA_607,0,Male,26,<30,A,2.0,Grade 2,Proneural,1389.0,3.8,7.24,0.0,Alive,1,Yes,0,No,1,Mutant,1.0,1,0.0,0,1,0.0,0.0,0,0,0,1.0,1,Has mutation,0,Low grade (2-3)
CGGA_632,0,Male,30,<30,sGBM,4.0,Grade 4,Proneural,572.0,1.57,6.35,1.0,Dead,1,Yes,1,Yes,1,Mutant,1.0,1,0.0,0,1,632.0,0.0,1,0,0,2.0,1,Has mutation,1,High grade (4)
CGGA_635,0,Male,45,40-50,OA,2.0,Grade 2,Neural,1888.0,5.17,7.54,0.0,Alive,1,Yes,1,Yes,1,Mutant,1.0,1,0.0,0,1,0.0,0.0,1,0,0,2.0,1,Has mutation,0,Low grade (2-3)
CGGA_641,1,Female,52,50-60,O,2.0,Grade 2,Proneural,1876.0,5.14,7.54,0.0,Alive,1,Yes,1,Yes,1,Mutant,1.0,1,0.0,0,1,0.0,0.0,1,1,0,3.0,1,Has mutation,0,Low grade (2-3)
CGGA_642,0,Male,30,<30,A,2.0,Grade 2,Proneural,1874.0,5.13,7.54,0.0,Alive,1,Yes,0,No,1,Mutant,1.0,1,0.0,0,1,0.0,0.0,1,0,0,2.0,1,Has mutation,0,Low grade (2-3)
CGGA_655,0,Male,36,30-40,O,2.0,Grade 2,Proneural,1856.0,5.08,7.53,0.0,Alive,1,Yes,0,No,1,Mutant,1.0,1,0.0,0,1,0.0,0.0,0,0,0,1.0,1,Has mutation,0,Low grade (2-3)
CGGA_662,1,Female,59,50-60,OA,2.0,Grade 2,Neural,300.0,0.82,5.71,1.0,Dead,0,No,0,No,1,Mutant,1.0,1,0.0,0,1,0.0,0.0,1,0,0,2.0,1,Has mutation,0,Low grade (2-3)
CGGA_666,1,Female,45,40-50,OA,2.0,Grade 2,Neural,1847.0,5.06,7.52,0.0,Alive,1,Yes,0,No,1,Mutant,1.0,1,0.0,0,1,0.0,0.0,0,0,0,1.0,1,Has mutation,0,Low grade (2-3)
CGGA_671,1,Female,37,30-40,OA,2.0,Grade 2,Neural,1848.0,5.06,7.52,0.0,Alive,1,Yes,0,No,1,Mutant,1.0,1,0.0,0,1,0.0,0.0,1,0,0,2.0,1,Has mutation,0,Low grade (2-3)
CGGA_675,1,Female,23,<30,OA,2.0,Grade 2,Proneural,1835.0,5.02,7.52,0.0,Alive,1,Yes,0,No,1,Mutant,1.0,1,0.0,0,1,0.0,0.0,0,0,0,1.0,1,Has mutation,0,Low grade (2-3)
CGGA_685,1,Female,21,<30,A,2.0,Grade 2,Proneural,1825.0,5.0,7.51,0.0,Alive,1,Yes,0,No,1,Mutant,1.0,1,0.0,0,1,0.0,0.0,1,0,0,2.0,1,Has mutation,0,Low grade (2-3)
CGGA_689,1,Female,37,30-40,O,2.0,Grade 2,Proneural,1827.0,5.0,7.51,0.0,Alive,1,Yes,0,No,1,Mutant,1.0,1,0.0,0,1,0.0,0.0,1,0,0,2.0,1,Has mutation,0,Low grade (2-3)
CGGA_694,0,Male,34,30-40,rA,2.0,Grade 2,Neural,1194.0,3.27,7.09,1.0,Dead,1,Yes,1,Yes,1,Mutant,1.0,1,0.0,0,1,0.0,0.0,0,0,0,1.0,1,Has mutation,0,Low grade (2-3)
CGGA_698,1,Female,62,60+,A,2.0,Grade 2,Proneural,1798.0,4.92,7.49,0.0,Alive,1,Yes,1,Yes,1,Mutant,1.0,1,0.0,0,1,0.0,0.0,1,1,0,3.0,1,Has mutation,0,Low grade (2-3)
CGGA_704,0,Male,37,30-40,rAOA,3.0,Grade 3,Proneural,1745.0,4.78,7.47,0.0,Alive,1,Yes,1,Yes,1,Mutant,1.0,1,0.0,0,1,0.0,0.0,1,0,1,3.0,1,Has mutation,0,Low grade (2-3)
CGGA_710,0,Male,42,40-50,GBM,4.0,Grade 4,Mesenchymal,660.0,1.81,6.49,1.0,Dead,0,No,1,Yes,1,Mutant,1.0,1,0.0,0,1,710.0,710.0,0,0,0,711.0,1,Has mutation,1,High grade (4)
CGGA_715,0,Male,44,40-50,O,2.0,Grade 2,Neural,1792.0,4.91,7.49,0.0,Alive,1,Yes,0,No,1,Mutant,1.0,1,0.0,0,1,0.0,0.0,0,0,0,1.0,1,Has mutation,0,Low grade (2-3)
CGGA_725,0,Male,43,40-50,OA,2.0,Grade 2,Neural,1779.0,4.87,7.48,0.0,Alive,1,Yes,0,No,1,Mutant,1.0,1,0.0,0,1,0.0,0.0,0,0,0,1.0,1,Has mutation,0,Low grade (2-3)
CGGA_747,0,Male,29,<30,GBM,4.0,Grade 4,Proneural,970.0,2.66,6.88,1.0,Dead,1,Yes,1,Yes,1,Mutant,1.0,1,0.0,0,1,747.0,0.0,0,0,1,2.0,1,Has mutation,1,High grade (4)
CGGA_752,0,Male,40,30-40,OA,2.0,Grade 2,Neural,1749.0,4.79,7.47,0.0,Alive,1,Yes,0,No,1,Mutant,1.0,1,0.0,0,1,0.0,0.0,0,0,0,1.0,1,Has mutation,0,Low grade (2-3)
CGGA_757,0,Male,46,40-50,A,2.0,Grade 2,Proneural,1047.0,2.87,6.95,1.0,Dead,1,Yes,1,Yes,1,Mutant,1.0,1,0.0,0,1,0.0,0.0,0,0,0,1.0,1,Has mutation,0,Low grade (2-3)
CGGA_760,1,Female,34,30-40,O,2.0,Grade 2,Neural,1742.0,4.77,7.46,0.0,Alive,1,Yes,0,No,1,Mutant,1.0,1,0.0,0,1,0.0,0.0,0,0,0,1.0,1,Has mutation,0,Low grade (2-3)
CGGA_761,0,Male,45,40-50,GBM,4.0,Grade 4,Proneural,1744.0,4.77,7.46,0.0,Alive,1,Yes,0,No,1,Mutant,1.0,1,0.0,0,1,0.0,0.0,1,0,0,2.0,1,Has mutation,1,High grade (4)
CGGA_762,1,Female,40,30-40,OA,2.0,Grade 2,Neural,1255.0,3.44,7.14,0.0,Alive,1,Yes,0,No,1,Mutant,1.0,1,0.0,0,1,0.0,0.0,1,1,0,3.0,1,Has mutation,0,Low grade (2-3)
CGGA_785,0,Male,43,40-50,O,2.0,Grade 2,Neural,1715.0,4.7,7.45,0.0,Alive,1,Yes,1,Yes,1,Mutant,1.0,1,0.0,0,1,0.0,0.0,0,0,0,1.0,1,Has mutation,0,Low grade (2-3)
CGGA_812,0,Male,27,<30,O,2.0,Grade 2,Neural,1163.0,3.18,7.06,0.0,Alive,0,No,1,Yes,1,Mutant,1.0,1,0.0,0,1,0.0,0.0,0,0,0,1.0,1,Has mutation,0,Low grade (2-3)
CGGA_815,1,Female,53,50-60,OA,2.0,Grade 2,Neural,1161.0,3.18,7.06,0.0,Alive,1,Yes,0,No,1,Mutant,1.0,1,0.0,0,1,0.0,0.0,0,0,0,1.0,1,Has mutation,0,Low grade (2-3)
CGGA_818,0,Male,46,40-50,A,2.0,Grade 2,Neural,1155.0,3.16,7.05,0.0,Alive,1,Yes,0,No,1,Mutant,1.0,1,0.0,0,1,0.0,0.0,1,0,0,2.0,1,Has mutation,0,Low grade (2-3)
CGGA_822,0,Male,46,40-50,sGBM,4.0,Grade 4,Proneural,1324.0,3.62,7.19,0.0,Alive,1,Yes,1,Yes,1,Mutant,1.0,1,0.0,0,1,0.0,0.0,0,0,0,1.0,1,Has mutation,1,High grade (4)
CGGA_834,0,Male,25,<30,OA,2.0,Grade 2,Classical,1151.0,3.15,7.05,0.0,Alive,1,Yes,0,No,1,Mutant,1.0,1,0.0,0,1,0.0,0.0,1,0,0,2.0,1,Has mutation,0,Low grade (2-3)
CGGA_835,0,Male,31,30-40,O,2.0,Grade 2,Neural,517.0,1.42,6.25,0.0,Alive,1,Yes,1,Yes,1,Mutant,1.0,1,0.0,0,1,0.0,0.0,0,0,0,1.0,1,Has mutation,0,Low grade (2-3)
CGGA_838,1,Female,36,30-40,OA,2.0,Grade 2,Neural,1629.0,4.46,7.4,0.0,Alive,1,Yes,1,Yes,1,Mutant,1.0,1,0.0,0,1,0.0,0.0,0,1,0,2.0,1,Has mutation,0,Low grade (2-3)
CGGA_843,0,Male,29,<30,OA,2.0,Grade 2,Proneural,1143.0,3.13,7.04,0.0,Alive,1,Yes,0,No,1,Mutant,1.0,1,0.0,0,1,0.0,0.0,1,1,0,3.0,1,Has mutation,0,Low grade (2-3)
CGGA_856,0,Male,54,50-60,O,2.0,Grade 2,Proneural,1297.0,3.55,7.17,0.0,Alive,1,Yes,1,Yes,1,Mutant,1.0,1,0.0,0,1,0.0,0.0,0,0,0,1.0,1,Has mutation,0,Low grade (2-3)
CGGA_858,0,Male,43,40-50,O,2.0,Grade 2,Neural,1125.0,3.08,7.03,0.0,Alive,1,Yes,0,No,1,Mutant,1.0,1,0.0,0,1,0.0,0.0,1,0,0,2.0,1,Has mutation,0,Low grade (2-3)
CGGA_864,0,Male,34,30-40,OA,2.0,Grade 2,Neural,1120.0,3.07,7.02,0.0,Alive,1,Yes,0,No,1,Mutant,1.0,1,0.0,0,1,0.0,0.0,0,0,0,1.0,1,Has mutation,0,Low grade (2-3)
CGGA_884,1,Female,48,40-50,A,2.0,Grade 2,Proneural,1131.0,3.1,7.03,1.0,Dead,1,Yes,1,Yes,1,Mutant,1.0,1,0.0,0,1,0.0,0.0,0,0,0,1.0,1,Has mutation,0,Low grade (2-3)
CGGA_892,0,Male,35,30-40,O,2.0,Grade 2,Proneural,448.0,1.23,6.11,0.0,Alive,1,Yes,1,Yes,1,Mutant,1.0,1,0.0,0,1,0.0,0.0,1,0,0,2.0,1,Has mutation,0,Low grade (2-3)
CGGA_893,1,Female,37,30-40,OA,2.0,Grade 2,Neural,1082.0,2.96,6.99,0.0,Alive,1,Yes,0,No,1,Mutant,1.0,1,0.0,0,1,893.0,0.0,0,0,0,1.0,1,Has mutation,0,Low grade (2-3)
CGGA_898,0,Male,38,30-40,A,2.0,Grade 2,Neural,441.0,1.21,6.09,0.0,Alive,1,Yes,1,Yes,1,Mutant,1.0,1,0.0,0,1,0.0,0.0,0,0,0,1.0,1,Has mutation,0,Low grade (2-3)
CGGA_899,0,Male,46,40-50,sGBM,4.0,Grade 4,Proneural,231.0,0.63,5.45,1.0,Dead,0,No,1,Yes,1,Mutant,1.0,1,0.0,0,1,0.0,0.0,1,0,0,2.0,1,Has mutation,1,High grade (4)
CGGA_904,0,Male,33,30-40,A,2.0,Grade 2,Proneural,774.0,2.12,6.65,1.0,Dead,1,Yes,0,No,1,Mutant,1.0,1,0.0,0,1,0.0,0.0,0,0,0,1.0,1,Has mutation,0,Low grade (2-3)
CGGA_905,0,Male,46,40-50,A,2.0,Grade 2,Classical,1068.0,2.92,6.97,0.0,Alive,1,Yes,0,No,1,Mutant,1.0,1,0.0,0,1,0.0,0.0,1,0,0,2.0,1,Has mutation,0,Low grade (2-3)
CGGA_908,0,Male,36,30-40,A,2.0,Grade 2,Proneural,427.0,1.17,6.06,0.0,Alive,1,Yes,1,Yes,1,Mutant,1.0,1,0.0,0,1,0.0,0.0,0,0,0,1.0,1,Has mutation,0,Low grade (2-3)
CGGA_909,1,Female,40,30-40,OA,2.0,Grade 2,Proneural,1065.0,2.92,6.97,0.0,Alive,0,No,0,No,1,Mutant,1.0,1,0.0,0,1,0.0,0.0,0,0,1,2.0,1,Has mutation,0,Low grade (2-3)
CGGA_D04,0,Male,37,30-40,A,2.0,Grade 2,Neural,1351.0,3.7,7.21,0.0,Alive,0,No,0,No,1,Mutant,1.0,1,0.0,0,1,0.0,0.0,1,0,0,2.0,1,Has mutation,0,Low grade (2-3)
CGGA_D07,0,Male,36,30-40,O,2.0,Grade 2,Neural,994.0,2.72,6.9,0.0,Alive,1,Yes,0,No,1,Mutant,1.0,1,0.0,0,1,0.0,0.0,0,0,0,1.0,1,Has mutation,0,Low grade (2-3)
CGGA_D14,0,Male,27,<30,rAOA,3.0,Grade 3,Proneural,459.0,1.26,6.13,0.0,Alive,1,Yes,1,Yes,1,Mutant,1.0,1,0.0,0,1,0.0,0.0,0,0,0,1.0,1,Has mutation,0,Low grade (2-3)
CGGA_D15,1,Female,38,30-40,OA,2.0,Grade 2,Proneural,1323.0,3.62,7.19,0.0,Alive,1,Yes,0,No,1,Mutant,1.0,1,0.0,0,1,0.0,0.0,1,0,0,2.0,1,Has mutation,0,Low grade (2-3)
CGGA_D20,1,Female,40,30-40,A,2.0,Grade 2,Neural,1316.0,3.6,7.18,0.0,Alive,0,No,0,No,1,Mutant,1.0,1,0.0,0,1,0.0,0.0,1,0,0,2.0,1,Has mutation,0,Low grade (2-3)
CGGA_D21,1,Female,37,30-40,AA,3.0,Grade 3,Proneural,1208.0,3.31,7.1,1.0,Dead,1,Yes,0,No,1,Mutant,1.0,1,0.0,0,1,0.0,0.0,1,1,0,3.0,1,Has mutation,0,Low grade (2-3)
CGGA_D24,1,Female,37,30-40,AOA,3.0,Grade 3,Proneural,837.0,2.29,6.73,1.0,Dead,1,Yes,0,No,1,Mutant,1.0,1,0.0,0,1,0.0,0.0,1,0,1,3.0,1,Has mutation,0,Low grade (2-3)
CGGA_D27,0,Male,33,30-40,rAOA,3.0,Grade 3,Proneural,1304.0,3.57,7.17,0.0,Alive,1,Yes,0,No,1,Mutant,1.0,1,0.0,0,1,0.0,0.0,0,0,0,1.0,1,Has mutation,0,Low grade (2-3)
CGGA_D29,0,Male,36,30-40,O,2.0,Grade 2,Neural,1297.0,3.55,7.17,0.0,Alive,1,Yes,0,No,1,Mutant,1.0,1,0.0,0,1,0.0,0.0,0,0,0,1.0,1,Has mutation,0,Low grade (2-3)
CGGA_D33,0,Male,38,30-40,rAA,3.0,Grade 3,Neural,116.0,0.32,4.76,1.0,Dead,0,No,0,No,1,Mutant,1.0,1,0.0,0,1,0.0,0.0,1,0,0,2.0,1,Has mutation,0,Low grade (2-3)
CGGA_D34,0,Male,45,40-50,sGBM,4.0,Grade 4,Proneural,147.0,0.4,5.0,1.0,Dead,0,No,1,Yes,1,Mutant,1.0,1,0.0,0,1,0.0,0.0,0,0,0,1.0,1,Has mutation,1,High grade (4)
CGGA_D38,1,Female,41,40-50,rGBM,4.0,Grade 4,Classical,689.0,1.89,6.54,1.0,Dead,1,Yes,0,No,1,Mutant,1.0,1,0.0,0,1,0.0,0.0,1,0,1,3.0,1,Has mutation,1,High grade (4)
CGGA_D39,1,Female,25,<30,rA,2.0,Grade 2,Proneural,355.0,0.97,5.87,0.0,Alive,1,Yes,1,Yes,1,Mutant,1.0,1,0.0,0,1,0.0,0.0,0,0,0,1.0,1,Has mutation,0,Low grade (2-3)
CGGA_D40,0,Male,44,40-50,rOA,2.0,Grade 2,Neural,1211.0,3.32,7.1,0.0,Alive,0,No,0,No,1,Mutant,1.0,1,0.0,0,1,0.0,0.0,0,0,0,1.0,1,Has mutation,0,Low grade (2-3)
CGGA_D45,0,Male,28,<30,rAOA,3.0,Grade 3,Proneural,856.0,2.34,6.75,0.0,Alive,0,No,1,Yes,1,Mutant,1.0,1,0.0,0,1,0.0,0.0,1,0,0,2.0,1,Has mutation,0,Low grade (2-3)
CGGA_D46,1,Female,36,30-40,rAA,3.0,Grade 3,Proneural,300.0,0.82,5.71,1.0,Dead,0,No,1,Yes,1,Mutant,1.0,1,0.0,0,1,0.0,0.0,0,0,0,1.0,1,Has mutation,0,Low grade (2-3)
CGGA_D47,0,Male,36,30-40,OA,2.0,Grade 2,Proneural,1048.0,2.87,6.96,1.0,Dead,1,Yes,1,Yes,1,Mutant,1.0,1,0.0,0,1,0.0,0.0,0,0,1,2.0,1,Has mutation,0,Low grade (2-3)
CGGA_D48,1,Female,18,<30,rAOA,3.0,Grade 3,Proneural,221.0,0.61,5.4,1.0,Dead,0,No,1,Yes,1,Mutant,1.0,1,0.0,0,1,0.0,0.0,1,0,0,2.0,1,Has mutation,0,Low grade (2-3)
CGGA_D52,0,Male,46,40-50,AO,3.0,Grade 3,Proneural,1103.0,3.02,7.01,0.0,Alive,1,Yes,0,No,1,Mutant,1.0,1,0.0,0,1,0.0,0.0,1,0,0,2.0,1,Has mutation,0,Low grade (2-3)
CGGA_D56,0,Male,45,40-50,rAOA,3.0,Grade 3,Proneural,64.0,0.18,4.17,1.0,Dead,1,Yes,0,No,1,Mutant,1.0,1,0.0,0,1,0.0,0.0,0,0,0,1.0,1,Has mutation,0,Low grade (2-3)
CGGA_D59,1,Female,30,<30,sGBM,4.0,Grade 4,Proneural,1156.0,3.16,7.05,0.0,Alive,1,Yes,1,Yes,1,Mutant,1.0,1,0.0,0,1,0.0,0.0,1,0,1,3.0,1,Has mutation,1,High grade (4)
CGGA_D61,0,Male,40,30-40,AO,3.0,Grade 3,Neural,2417.0,6.62,7.79,0.0,Alive,1,Yes,1,Yes,1,Mutant,1.0,1,0.0,0,1,0.0,0.0,0,0,0,1.0,1,Has mutation,0,Low grade (2-3)
CGGA_D63,0,Male,25,<30,sGBM,4.0,Grade 4,Proneural,212.0,0.58,5.36,1.0,Dead,1,Yes,0,No,1,Mutant,1.0,1,0.0,0,1,0.0,0.0,1,0,1,3.0,1,Has mutation,1,High grade (4)
CGGA_J023,0,Male,36,30-40,AO,3.0,Grade 3,Proneural,1028.0,2.81,6.94,1.0,Dead,1,Yes,1,Yes,1,Mutant,1.0,1,0.0,0,1,0.0,0.0,0,0,0,1.0,1,Has mutation,0,Low grade (2-3)
CGGA_J024,1,Female,29,<30,rA,2.0,Grade 2,Neural,800.0,2.19,6.69,0.0,Alive,0,No,0,No,1,Mutant,1.0,1,0.0,0,1,0.0,0.0,1,0,0,2.0,1,Has mutation,0,Low grade (2-3)
CGGA_J042,0,Male,38,30-40,rOA,2.0,Grade 2,Classical,767.0,2.1,6.64,0.0,Alive,0,No,0,No,1,Mutant,1.0,1,0.0,0,1,0.0,0.0,1,0,0,2.0,1,Has mutation,0,Low grade (2-3)
CGGA_J100,0,Male,55,50-60,rGBM,4.0,Grade 4,Proneural,610.0,1.67,6.42,0.0,Alive,0,No,1,Yes,1,Mutant,1.0,1,0.0,0,1,0.0,0.0,0,0,0,1.0,1,Has mutation,1,High grade (4)
CGGA_1004,1,Female,65,60+,A,2.0,Grade 2,Mesenchymal,585.0,1.6,6.37,0.0,Alive,1,Yes,0,No,0,Wildtype,0.0,0,0.0,0,0,0.0,0.0,0,0,0,0.0,0,No mutations,0,Low grade (2-3)
CGGA_1008,1,Female,56,50-60,GBM,4.0,Grade 4,Classical,315.0,0.86,5.76,1.0,Dead,1,Yes,1,Yes,0,Wildtype,0.0,0,0.0,0,0,0.0,0.0,0,0,0,0.0,0,No mutations,1,High grade (4)
CGGA_1053,1,Female,63,60+,GBM,4.0,Grade 4,Mesenchymal,369.0,1.01,5.91,1.0,Dead,1,Yes,1,Yes,0,Wildtype,0.0,0,0.0,0,0,0.0,0.0,0,0,0,0.0,0,No mutations,1,High grade (4)
CGGA_1059,1,Female,54,50-60,rA,2.0,Grade 2,Proneural,21.0,0.06,3.09,1.0,Dead,1,Yes,1,Yes,1,Mutant,0.0,0,0.0,0,0,0.0,0.0,0,1,0,2.0,1,Has mutation,0,Low grade (2-3)
CGGA_1070,0,Male,38,30-40,GBM,4.0,Grade 4,Classical,333.0,0.91,5.81,1.0,Dead,1,Yes,1,Yes,0,Wildtype,0.0,0,0.0,0,0,0.0,1070.0,0,0,0,1070.0,1,Has mutation,1,High grade (4)
CGGA_1071,0,Male,42,40-50,A,2.0,Grade 2,Classical,552.0,1.51,6.32,0.0,Alive,1,Yes,1,Yes,0,Wildtype,0.0,0,0.0,0,0,0.0,0.0,0,0,0,0.0,0,No mutations,0,Low grade (2-3)
CGGA_1073,1,Female,42,40-50,GBM,4.0,Grade 4,Classical,270.0,0.74,5.6,1.0,Dead,1,Yes,1,Yes,0,Wildtype,0.0,0,0.0,0,0,0.0,1073.0,1,0,0,1074.0,1,Has mutation,1,High grade (4)
CGGA_1074,0,Male,50,40-50,GBM,4.0,Grade 4,Mesenchymal,86.0,0.24,4.47,1.0,Dead,1,Yes,1,Yes,0,Wildtype,0.0,0,0.0,0,0,1074.0,0.0,1,0,0,1.0,1,Has mutation,1,High grade (4)
CGGA_1095,0,Male,29,<30,GBM,4.0,Grade 4,Proneural,667.0,1.83,6.5,0.0,Alive,1,Yes,1,Yes,1,Mutant,0.0,0,0.0,0,0,1095.0,0.0,0,0,0,1.0,1,Has mutation,1,High grade (4)
CGGA_1099,0,Male,8,<30,sGBM,4.0,Grade 4,Classical,122.0,0.33,4.81,1.0,Dead,0,No,1,Yes,0,Wildtype,0.0,0,0.0,0,0,0.0,0.0,1,0,0,1.0,1,Has mutation,1,High grade (4)
CGGA_1114,0,Male,53,50-60,GBM,4.0,Grade 4,Mesenchymal,460.0,1.26,6.13,0.0,Alive,1,Yes,1,Yes,0,Wildtype,0.0,0,0.0,0,0,0.0,0.0,1,0,0,1.0,1,Has mutation,1,High grade (4)
CGGA_1116,1,Female,43,40-50,GBM,4.0,Grade 4,Proneural,248.0,0.68,5.52,1.0,Dead,0,No,1,Yes,1,Mutant,0.0,0,0.0,0,0,0.0,0.0,0,0,0,1.0,1,Has mutation,1,High grade (4)
CGGA_1118,0,Male,31,30-40,rAA,3.0,Grade 3,Proneural,412.0,1.13,6.02,1.0,Dead,0,No,0,No,1,Mutant,0.0,0,0.0,0,0,0.0,0.0,1,0,0,2.0,1,Has mutation,0,Low grade (2-3)
CGGA_1119,0,Male,52,50-60,AO,3.0,Grade 3,Proneural,436.0,1.19,6.08,1.0,Dead,1,Yes,1,Yes,1,Mutant,0.0,0,0.0,0,0,0.0,0.0,0,0,0,1.0,1,Has mutation,0,Low grade (2-3)
CGGA_1197,0,Male,45,40-50,sGBM,4.0,Grade 4,Proneural,118.0,0.32,4.78,0.0,Alive,0,No,1,Yes,1,Mutant,0.0,0,0.0,0,0,0.0,0.0,1,0,1,3.0,1,Has mutation,1,High grade (4)
CGGA_1246,0,Male,54,50-60,AO,3.0,Grade 3,Proneural,211.0,0.58,5.36,0.0,Alive,1,Yes,1,Yes,1,Mutant,0.0,0,0.0,0,0,0.0,0.0,1,0,0,2.0,1,Has mutation,0,Low grade (2-3)
CGGA_1275,0,Male,71,60+,GBM,4.0,Grade 4,Mesenchymal,183.0,0.5,5.21,1.0,Dead,0,No,0,No,0,Wildtype,0.0,0,0.0,0,0,0.0,0.0,0,0,1,1.0,1,Has mutation,1,High grade (4)
CGGA_1450,0,Male,37,30-40,sGBM,4.0,Grade 4,Proneural,218.0,0.6,5.39,0.0,Alive,1,Yes,1,Yes,1,Mutant,0.0,0,0.0,0,0,0.0,0.0,0,0,0,1.0,1,Has mutation,1,High grade (4)
CGGA_1460,0,Male,51,50-60,sGBM,4.0,Grade 4,Classical,172.0,0.47,5.15,0.0,Alive,1,Yes,1,Yes,0,Wildtype,0.0,0,0.0,0,0,0.0,0.0,0,0,0,0.0,0,No mutations,1,High grade (4)
CGGA_1475,0,Male,38,30-40,sGBM,4.0,Grade 4,Proneural,127.0,0.35,4.85,0.0,Alive,0,No,0,No,1,Mutant,0.0,0,0.0,0,0,0.0,0.0,0,0,0,1.0,1,Has mutation,1,High grade (4)
CGGA_243,1,Female,31,30-40,OA,2.0,Grade 2,Proneural,2486.0,6.81,7.82,0.0,Alive,1,Yes,0,No,1,Mutant,0.0,0,0.0,0,0,0.0,0.0,0,0,0,1.0,1,Has mutation,0,Low grade (2-3)
CGGA_247,0,Male,60,50-60,AA,3.0,Grade 3,Proneural,609.0,1.67,6.41,1.0,Dead,1,Yes,1,Yes,1,Mutant,0.0,0,0.0,0,0,0.0,0.0,0,0,1,2.0,1,Has mutation,0,Low grade (2-3)
CGGA_738,0,Male,44,40-50,A,2.0,Grade 2,Proneural,1764.0,4.83,7.48,0.0,Alive,1,Yes,0,No,1,Mutant,0.0,0,0.0,0,0,0.0,0.0,1,0,0,2.0,1,Has mutation,0,Low grade (2-3)
CGGA_759,0,Male,30,<30,GBM,4.0,Grade 4,Classical,1263.0,3.46,7.14,1.0,Dead,1,Yes,1,Yes,1,Mutant,0.0,0,0.0,0,0,0.0,0.0,1,0,0,2.0,1,Has mutation,1,High grade (4)
CGGA_D30,0,Male,70,60+,GBM,4.0,Grade 4,Neural,215.0,0.59,5.38,1.0,Dead,1,Yes,0,No,0,Wildtype,0.0,0,0.0,0,0,0.0,0.0,0,0,0,0.0,0,No mutations,1,High grade (4)
